{
  "topk": 50,
  "splits": {
    "train": {
      "num_items": 3062,
      "top1": {
        "Bleu_1": 0.37018079211578675,
        "Bleu_2": 0.2235088384349249,
        "Bleu_3": 0.1453346597901993,
        "Bleu_4": 0.09998535311013243,
        "ROUGE_L": 0.30022827560352733,
        "CIDEr": 0.18861902949765738,
        "B4_Rouge": 0.40021362871365973,
        "unique_outputs": 1182,
        "name": "train_rag_build_top1"
      },
      "oracle": {
        "Bleu_1": 0.5581242028957398,
        "Bleu_2": 0.4631353378571351,
        "Bleu_3": 0.4006350204664603,
        "Bleu_4": 0.35454297056704,
        "ROUGE_L": 0.5572925811691946,
        "CIDEr": 1.7347799680123177,
        "B4_Rouge": 0.9118355517362345,
        "unique_outputs": 1076,
        "name": "train_rag_build_oracle_top50"
      }
    },
    "val": {
      "num_items": 382,
      "top1": {
        "Bleu_1": 0.36452345616519005,
        "Bleu_2": 0.21806382894190016,
        "Bleu_3": 0.1402731607060612,
        "Bleu_4": 0.09509073527611547,
        "ROUGE_L": 0.30359816540638745,
        "CIDEr": 0.17247064733999873,
        "B4_Rouge": 0.39868890068250296,
        "unique_outputs": 290,
        "name": "val_rag_build_top1"
      },
      "oracle": {
        "Bleu_1": 0.5493287707425466,
        "Bleu_2": 0.45970441741411255,
        "Bleu_3": 0.40003348787223014,
        "Bleu_4": 0.35569370245339543,
        "ROUGE_L": 0.552371152923093,
        "CIDEr": 1.689437587030678,
        "B4_Rouge": 0.9080648553764885,
        "unique_outputs": 293,
        "name": "val_rag_build_oracle_top50"
      }
    },
    "test": {
      "num_items": 382,
      "top1": {
        "Bleu_1": 0.3741269788675479,
        "Bleu_2": 0.22463650602364751,
        "Bleu_3": 0.1468198134919342,
        "Bleu_4": 0.10077195062733454,
        "ROUGE_L": 0.3004971487785715,
        "CIDEr": 0.20346209025897977,
        "B4_Rouge": 0.40126909940590605,
        "unique_outputs": 293,
        "name": "test_rag_build_top1"
      },
      "oracle": {
        "Bleu_1": 0.5650538740245054,
        "Bleu_2": 0.47137796643826635,
        "Bleu_3": 0.40956137822805183,
        "Bleu_4": 0.36446337464229894,
        "ROUGE_L": 0.5623686953645606,
        "CIDEr": 1.8472675379484242,
        "B4_Rouge": 0.9268320700068595,
        "unique_outputs": 274,
        "name": "test_rag_build_oracle_top50"
      }
    }
  }
}