{
  "train": [
    {
      "name": "cw1.0_rf0.0",
      "chex_weight": 1.0,
      "rouge_floor": 0.0,
      "metrics": {
        "Bleu_1": 0.5298273710989612,
        "Bleu_2": 0.41844110735164847,
        "Bleu_3": 0.35095820079521267,
        "Bleu_4": 0.3046176941024203,
        "ROUGE_L": 0.5140938197349926,
        "CIDEr": 1.6243925975766378,
        "B4_Rouge": 0.8187115138374128,
        "unique_outputs": 1102,
        "chexbert": {
          "precision": 0.7430666241632132,
          "recall": 0.805737988247494,
          "f1": 0.773134328358209,
          "tp": 2331,
          "fp": 806,
          "fn": 562
        }
      }
    },
    {
      "name": "cw0.75_rf0.0",
      "chex_weight": 0.75,
      "rouge_floor": 0.0,
      "metrics": {
        "Bleu_1": 0.5355298463584068,
        "Bleu_2": 0.4271073302460084,
        "Bleu_3": 0.36093823531320457,
        "Bleu_4": 0.31513002787183203,
        "ROUGE_L": 0.5226721342614652,
        "CIDEr": 1.6558307565841823,
        "B4_Rouge": 0.8378021621332972,
        "unique_outputs": 1099,
        "chexbert": {
          "precision": 0.7282150955620343,
          "recall": 0.7770480470100242,
          "f1": 0.7518394648829432,
          "tp": 2248,
          "fp": 839,
          "fn": 645
        }
      }
    },
    {
      "name": "cw0.5_rf0.0",
      "chex_weight": 0.5,
      "rouge_floor": 0.0,
      "metrics": {
        "Bleu_1": 0.5441211597723401,
        "Bleu_2": 0.43925098813603924,
        "Bleu_3": 0.3741817660092789,
        "Bleu_4": 0.3284219885384091,
        "ROUGE_L": 0.5341195183939906,
        "CIDEr": 1.6944418609058496,
        "B4_Rouge": 0.8625415069323997,
        "unique_outputs": 1093,
        "chexbert": {
          "precision": 0.6940472231459927,
          "recall": 0.7213964742481853,
          "f1": 0.7074576271186441,
          "tp": 2087,
          "fp": 920,
          "fn": 806
        }
      }
    },
    {
      "name": "cw1.0_rf0.4",
      "chex_weight": 1.0,
      "rouge_floor": 0.4,
      "metrics": {
        "Bleu_1": 0.5392996534483542,
        "Bleu_2": 0.4361458406285793,
        "Bleu_3": 0.3713825023642835,
        "Bleu_4": 0.32554433437631214,
        "ROUGE_L": 0.5365379904263768,
        "CIDEr": 1.6605730512127421,
        "B4_Rouge": 0.862082324802689,
        "unique_outputs": 1096,
        "chexbert": {
          "precision": 0.6736016371077762,
          "recall": 0.6826823366747321,
          "f1": 0.6781115879828327,
          "tp": 1975,
          "fp": 957,
          "fn": 918
        }
      }
    },
    {
      "name": "cw0.75_rf0.4",
      "chex_weight": 0.75,
      "rouge_floor": 0.4,
      "metrics": {
        "Bleu_1": 0.5424236476901055,
        "Bleu_2": 0.44000658239334584,
        "Bleu_3": 0.37564972128052965,
        "Bleu_4": 0.33002122588079,
        "ROUGE_L": 0.5397707544228324,
        "CIDEr": 1.679121983533929,
        "B4_Rouge": 0.8697919803036225,
        "unique_outputs": 1102,
        "chexbert": {
          "precision": 0.6657524854302366,
          "recall": 0.6712754925682682,
          "f1": 0.6685025817555938,
          "tp": 1942,
          "fp": 975,
          "fn": 951
        }
      }
    },
    {
      "name": "cw1.0_rf0.3",
      "chex_weight": 1.0,
      "rouge_floor": 0.3,
      "metrics": {
        "Bleu_1": 0.5408195931880335,
        "Bleu_2": 0.435039181422309,
        "Bleu_3": 0.36822502109363286,
        "Bleu_4": 0.3209675899764776,
        "ROUGE_L": 0.5338767362741718,
        "CIDEr": 1.6502929161057736,
        "B4_Rouge": 0.8548443262506493,
        "unique_outputs": 1099,
        "chexbert": {
          "precision": 0.6610921501706485,
          "recall": 0.6695471828551677,
          "f1": 0.6652928043963593,
          "tp": 1937,
          "fp": 993,
          "fn": 956
        }
      }
    },
    {
      "name": "cw1.0_rf0.35",
      "chex_weight": 1.0,
      "rouge_floor": 0.35,
      "metrics": {
        "Bleu_1": 0.5390841212941282,
        "Bleu_2": 0.4362362713635472,
        "Bleu_3": 0.37122323016581105,
        "Bleu_4": 0.325057205773954,
        "ROUGE_L": 0.5370937335680112,
        "CIDEr": 1.6573546308799623,
        "B4_Rouge": 0.8621509393419652,
        "unique_outputs": 1095,
        "chexbert": {
          "precision": 0.659122085048011,
          "recall": 0.6643622537158659,
          "f1": 0.6617317954897572,
          "tp": 1922,
          "fp": 994,
          "fn": 971
        }
      }
    },
    {
      "name": "cw0.35_rf0.0",
      "chex_weight": 0.35,
      "rouge_floor": 0.0,
      "metrics": {
        "Bleu_1": 0.5508487835858411,
        "Bleu_2": 0.4487927265960094,
        "Bleu_3": 0.3844274323306434,
        "Bleu_4": 0.3385621774188258,
        "ROUGE_L": 0.5426031938601137,
        "CIDEr": 1.7117506106805043,
        "B4_Rouge": 0.8811653712789396,
        "unique_outputs": 1097,
        "chexbert": {
          "precision": 0.653924914675768,
          "recall": 0.6622882820601452,
          "f1": 0.6580800274772455,
          "tp": 1916,
          "fp": 1014,
          "fn": 977
        }
      }
    },
    {
      "name": "cw0.75_rf0.3",
      "chex_weight": 0.75,
      "rouge_floor": 0.3,
      "metrics": {
        "Bleu_1": 0.5444618635675355,
        "Bleu_2": 0.44042430831432244,
        "Bleu_3": 0.37457636593850946,
        "Bleu_4": 0.32784380724820467,
        "ROUGE_L": 0.5387468225825913,
        "CIDEr": 1.6755782040198266,
        "B4_Rouge": 0.8665906298307959,
        "unique_outputs": 1097,
        "chexbert": {
          "precision": 0.6507061660351361,
          "recall": 0.652955409609402,
          "f1": 0.6518288474810213,
          "tp": 1889,
          "fp": 1014,
          "fn": 1004
        }
      }
    },
    {
      "name": "cw0.75_rf0.35",
      "chex_weight": 0.75,
      "rouge_floor": 0.35,
      "metrics": {
        "Bleu_1": 0.5425711983495362,
        "Bleu_2": 0.4408009798172064,
        "Bleu_3": 0.3763854261150606,
        "Bleu_4": 0.3305438641576784,
        "ROUGE_L": 0.5410823872927535,
        "CIDEr": 1.6803129822348788,
        "B4_Rouge": 0.8716262514504318,
        "unique_outputs": 1093,
        "chexbert": {
          "precision": 0.64998274076631,
          "recall": 0.6508814379536813,
          "f1": 0.6504317789291882,
          "tp": 1883,
          "fp": 1014,
          "fn": 1010
        }
      }
    }
  ]
}