{
  "topk": 20,
  "chex_weight": 1.0,
  "splits": {
    "train": {
      "oracle_within_topk": {
        "Bleu_1": 0.4877320528480355,
        "Bleu_2": 0.36303873130663084,
        "Bleu_3": 0.28929284928842974,
        "Bleu_4": 0.24020898685337178,
        "ROUGE_L": 0.4501133633049809,
        "CIDEr": 0.9738937246804575,
        "B4_Rouge": 0.6903223501583526,
        "unique_outputs": 1095
      }
    },
    "val": {
      "oracle_within_topk": {
        "Bleu_1": 0.4907319763761266,
        "Bleu_2": 0.36624304748101866,
        "Bleu_3": 0.2915398062101603,
        "Bleu_4": 0.24153877874474503,
        "ROUGE_L": 0.4498449622074612,
        "CIDEr": 1.019088707438035,
        "B4_Rouge": 0.6913837409522062,
        "unique_outputs": 288,
        "chexbert": {
          "precision": 0.6506666666666666,
          "recall": 0.7011494252873564,
          "f1": 0.6749654218533886,
          "tp": 244,
          "fp": 131,
          "fn": 104
        }
      }
    },
    "test": {
      "oracle_within_topk": {
        "Bleu_1": 0.49190660959156324,
        "Bleu_2": 0.37531320952808556,
        "Bleu_3": 0.304062019441882,
        "Bleu_4": 0.2555701543693218,
        "ROUGE_L": 0.4671244031339363,
        "CIDEr": 1.1235056628585511,
        "B4_Rouge": 0.7226945575032581,
        "unique_outputs": 279,
        "chexbert": {
          "precision": 0.6701570680628273,
          "recall": 0.757396449704142,
          "f1": 0.711111111111111,
          "tp": 256,
          "fp": 126,
          "fn": 82
        }
      }
    }
  }
}