{
  "template": "the heart size and mediastinal contours are within normal limits . the lungs are clear . there is no focal airspace consolidation . no pleural effusion or pneumothorax . there are degenerative changes of the spine . no acute cardiopulmonary abnormality .",
  "splits": {
    "val": {
      "Bleu_1": 0.4927859676942909,
      "Bleu_2": 0.35034681211219315,
      "Bleu_3": 0.2557246653839098,
      "Bleu_4": 0.19162745348902563,
      "ROUGE_L": 0.4113605842344592,
      "CIDEr": 0.30880778653218743,
      "B4_Rouge": 0.6029880377234849,
      "unique_outputs": 1
    },
    "test": {
      "Bleu_1": 0.4926032662920791,
      "Bleu_2": 0.3450899138765263,
      "Bleu_3": 0.24799305831259186,
      "Bleu_4": 0.18241313606316437,
      "ROUGE_L": 0.40007036081851793,
      "CIDEr": 0.2982496054767647,
      "B4_Rouge": 0.5824834968816823,
      "unique_outputs": 1
    }
  }
}