{
  "ridge_cw0p0": {
    "val": {
      "Bleu_1": 0.41997816347056804,
      "Bleu_2": 0.27102790226332235,
      "Bleu_3": 0.18658758170490203,
      "Bleu_4": 0.13332791590140777,
      "ROUGE_L": 0.3548777549144126,
      "CIDEr": 0.2814625323536606,
      "B4_Rouge": 0.48820567081582034,
      "unique_outputs": 61,
      "name": "val_ridge_cw0p0",
      "candidate_hit_ngram": 0.026178009808063507
    },
    "test": {
      "Bleu_1": 0.42296261244984173,
      "Bleu_2": 0.2717431485465798,
      "Bleu_3": 0.18698160722150914,
      "Bleu_4": 0.13339703547379328,
      "ROUGE_L": 0.35408501165943534,
      "CIDEr": 0.30051702272656944,
      "B4_Rouge": 0.4874820471332286,
      "unique_outputs": 58,
      "name": "test_ridge_cw0p0",
      "candidate_hit_ngram": 0.054973822087049484
    }
  },
  "hgb_cw0p0": {
    "val": {
      "Bleu_1": 0.39858000787624975,
      "Bleu_2": 0.26274772072418484,
      "Bleu_3": 0.18797816714381235,
      "Bleu_4": 0.14112437353438528,
      "ROUGE_L": 0.3659344692841284,
      "CIDEr": 0.3744108155043586,
      "B4_Rouge": 0.5070588428185137,
      "unique_outputs": 70,
      "name": "val_hgb_cw0p0",
      "candidate_hit_ngram": 0.04712041839957237
    },
    "test": {
      "Bleu_1": 0.3983850345460677,
      "Bleu_2": 0.25758267029396414,
      "Bleu_3": 0.17897403306740864,
      "Bleu_4": 0.12921399666924854,
      "ROUGE_L": 0.35512829233711785,
      "CIDEr": 0.2918394813591196,
      "B4_Rouge": 0.4843422890063664,
      "unique_outputs": 69,
      "name": "test_hgb_cw0p0",
      "candidate_hit_ngram": 0.03403141349554062
    }
  },
  "rf_cw0p0": {
    "val": {
      "Bleu_1": 0.3729132104988478,
      "Bleu_2": 0.24260048775020138,
      "Bleu_3": 0.1709592172737396,
      "Bleu_4": 0.1256157101514455,
      "ROUGE_L": 0.35264732636902113,
      "CIDEr": 0.28773687423108646,
      "B4_Rouge": 0.47826303652046664,
      "unique_outputs": 119,
      "name": "val_rf_cw0p0",
      "candidate_hit_ngram": 0.03926701471209526
    },
    "test": {
      "Bleu_1": 0.3783097373544768,
      "Bleu_2": 0.2431217094078666,
      "Bleu_3": 0.16681578929817803,
      "Bleu_4": 0.11937448598814787,
      "ROUGE_L": 0.3464052115877428,
      "CIDEr": 0.2665345921729396,
      "B4_Rouge": 0.46577969757589066,
      "unique_outputs": 124,
      "name": "test_rf_cw0p0",
      "candidate_hit_ngram": 0.03403141349554062
    }
  },
  "ridge_cw0p25": {
    "val": {
      "Bleu_1": 0.4060829580167659,
      "Bleu_2": 0.2616752249070068,
      "Bleu_3": 0.1802807694242525,
      "Bleu_4": 0.12957186263032033,
      "ROUGE_L": 0.3535115465899683,
      "CIDEr": 0.31098274879747106,
      "B4_Rouge": 0.48308340922028864,
      "unique_outputs": 40,
      "name": "val_ridge_cw0p25",
      "candidate_hit_ngram": 0.03141361102461815
    },
    "test": {
      "Bleu_1": 0.41105820577586655,
      "Bleu_2": 0.26230422599576736,
      "Bleu_3": 0.17852486124194802,
      "Bleu_4": 0.12549651901507114,
      "ROUGE_L": 0.3490991017795098,
      "CIDEr": 0.251302026293566,
      "B4_Rouge": 0.47459562079458095,
      "unique_outputs": 40,
      "name": "test_ridge_cw0p25",
      "candidate_hit_ngram": 0.03403141349554062
    }
  },
  "hgb_cw0p25": {
    "val": {
      "Bleu_1": 0.3875039518585435,
      "Bleu_2": 0.2553472699946667,
      "Bleu_3": 0.1819649788968106,
      "Bleu_4": 0.13576327806227398,
      "ROUGE_L": 0.35963171064929683,
      "CIDEr": 0.38173854169323357,
      "B4_Rouge": 0.49539498871157084,
      "unique_outputs": 64,
      "name": "val_hgb_cw0p25",
      "candidate_hit_ngram": 0.04712041839957237
    },
    "test": {
      "Bleu_1": 0.38890414351422287,
      "Bleu_2": 0.2510813842217815,
      "Bleu_3": 0.1736617148955749,
      "Bleu_4": 0.12428902201130315,
      "ROUGE_L": 0.351348890909209,
      "CIDEr": 0.27464180942452315,
      "B4_Rouge": 0.47563791292051216,
      "unique_outputs": 65,
      "name": "test_hgb_cw0p25",
      "candidate_hit_ngram": 0.03403141349554062
    }
  },
  "rf_cw0p25": {
    "val": {
      "Bleu_1": 0.36038457182296746,
      "Bleu_2": 0.2353764151791854,
      "Bleu_3": 0.16548686800745313,
      "Bleu_4": 0.12042272299294399,
      "ROUGE_L": 0.3469769282707749,
      "CIDEr": 0.257158611871786,
      "B4_Rouge": 0.4673996512637189,
      "unique_outputs": 107,
      "name": "val_rf_cw0p25",
      "candidate_hit_ngram": 0.028795812278985977
    },
    "test": {
      "Bleu_1": 0.3660155451679673,
      "Bleu_2": 0.23366287412922787,
      "Bleu_3": 0.1606276667961747,
      "Bleu_4": 0.11380137645906908,
      "ROUGE_L": 0.3431677251193186,
      "CIDEr": 0.24628247724382174,
      "B4_Rouge": 0.45696910157838766,
      "unique_outputs": 117,
      "name": "test_rf_cw0p25",
      "candidate_hit_ngram": 0.028795812278985977
    }
  },
  "ridge_cw0p5": {
    "val": {
      "Bleu_1": 0.40032771315011584,
      "Bleu_2": 0.2577932298689194,
      "Bleu_3": 0.17959641931906095,
      "Bleu_4": 0.1313330273971785,
      "ROUGE_L": 0.35171599304654344,
      "CIDEr": 0.3296847916763554,
      "B4_Rouge": 0.48304902044372194,
      "unique_outputs": 35,
      "name": "val_ridge_cw0p5",
      "candidate_hit_ngram": 0.03664921596646309
    },
    "test": {
      "Bleu_1": 0.4043041699861119,
      "Bleu_2": 0.25776660907545335,
      "Bleu_3": 0.1768998259657019,
      "Bleu_4": 0.12694237222733976,
      "ROUGE_L": 0.3499068825442851,
      "CIDEr": 0.3183090659458492,
      "B4_Rouge": 0.4768492547716249,
      "unique_outputs": 28,
      "name": "test_ridge_cw0p5",
      "candidate_hit_ngram": 0.03664921596646309
    }
  },
  "hgb_cw0p5": {
    "val": {
      "Bleu_1": 0.3715250330878942,
      "Bleu_2": 0.24308434773332768,
      "Bleu_3": 0.1717290987167422,
      "Bleu_4": 0.12582109900672436,
      "ROUGE_L": 0.3560964358994524,
      "CIDEr": 0.33691769398117083,
      "B4_Rouge": 0.4819175349061767,
      "unique_outputs": 69,
      "name": "val_hgb_cw0p5",
      "candidate_hit_ngram": 0.03403141349554062
    },
    "test": {
      "Bleu_1": 0.37923217456690383,
      "Bleu_2": 0.24471563768395124,
      "Bleu_3": 0.1689386826220592,
      "Bleu_4": 0.11988076848808943,
      "ROUGE_L": 0.3518071938003697,
      "CIDEr": 0.24721246623498905,
      "B4_Rouge": 0.4716879622884591,
      "unique_outputs": 78,
      "name": "test_hgb_cw0p5",
      "candidate_hit_ngram": 0.028795812278985977
    }
  },
  "rf_cw0p5": {
    "val": {
      "Bleu_1": 0.35792187836670225,
      "Bleu_2": 0.2346102691531578,
      "Bleu_3": 0.16520792787490418,
      "Bleu_4": 0.12080112022850148,
      "ROUGE_L": 0.3464038216333566,
      "CIDEr": 0.283485338968846,
      "B4_Rouge": 0.46720494186185807,
      "unique_outputs": 116,
      "name": "val_rf_cw0p5",
      "candidate_hit_ngram": 0.03141361102461815
    },
    "test": {
      "Bleu_1": 0.3619584920261593,
      "Bleu_2": 0.23029695751207388,
      "Bleu_3": 0.15673640106543646,
      "Bleu_4": 0.10944121910511223,
      "ROUGE_L": 0.33974892144052016,
      "CIDEr": 0.2158188303414548,
      "B4_Rouge": 0.4491901405456324,
      "unique_outputs": 125,
      "name": "test_rf_cw0p5",
      "candidate_hit_ngram": 0.028795812278985977
    }
  },
  "ridge_cw0p75": {
    "val": {
      "Bleu_1": 0.37774934577900116,
      "Bleu_2": 0.24199004656564088,
      "Bleu_3": 0.16912411211774903,
      "Bleu_4": 0.12494145264539451,
      "ROUGE_L": 0.3428996354443487,
      "CIDEr": 0.34113587379384575,
      "B4_Rouge": 0.46784108808974323,
      "unique_outputs": 31,
      "name": "val_ridge_cw0p75",
      "candidate_hit_ngram": 0.03664921596646309
    },
    "test": {
      "Bleu_1": 0.38909711981264894,
      "Bleu_2": 0.24557967944649786,
      "Bleu_3": 0.16672289510023425,
      "Bleu_4": 0.117857894303675,
      "ROUGE_L": 0.3426228166133761,
      "CIDEr": 0.30482478338304647,
      "B4_Rouge": 0.4604807109170511,
      "unique_outputs": 25,
      "name": "test_ridge_cw0p75",
      "candidate_hit_ngram": 0.03926701471209526
    }
  },