{
  "test": {
    "Bleu_1": 0.2842734842265633,
    "Bleu_2": 0.16409779011182113,
    "Bleu_3": 0.09950555910354836,
    "Bleu_4": 0.06317302833989853,
    "ROUGE_L": 0.27354331349355354,
    "CIDEr": 0.07833640313849627,
    "B4_Rouge": 0.33671634183345206,
    "unique_outputs": 197,
    "avg_rank": 9.693717277486911,
    "top1_rate": 0.049738219895287955
  }
}