{
  "mlp_reranker": {
    "best_epoch": 15,
    "best_val": {
      "Bleu_1": 0.40021583733440036,
      "Bleu_2": 0.2553743221799538,
      "Bleu_3": 0.17720995998880248,
      "Bleu_4": 0.1290057675427729,
      "ROUGE_L": 0.3431230524709637,
      "CIDEr": 0.3266959656817921,
      "B4_Rouge": 0.47212882001373657,
      "unique_outputs": 185,
      "name": "val_epoch15"
    },
    "val_top1": {
      "Bleu_1": 0.36452345616519005,
      "Bleu_2": 0.21806382894190016,
      "Bleu_3": 0.1402731607060612,
      "Bleu_4": 0.09509073527611547,
      "ROUGE_L": 0.30359816540638745,
      "CIDEr": 0.17247064733999873,
      "B4_Rouge": 0.39868890068250296,
      "unique_outputs": 290,
      "name": "val_top1"
    },
    "val_oracle_top20": {
      "Bleu_1": 0.5130928909606655,
      "Bleu_2": 0.4004774532017991,
      "Bleu_3": 0.3293067274351509,
      "Bleu_4": 0.2789403668756127,
      "ROUGE_L": 0.4851687047796454,
      "CIDEr": 1.0763163731715046,
      "B4_Rouge": 0.7641090716552581,
      "unique_outputs": 280,
      "name": "val_oracle_top20"
    },
    "val_reranker": {
      "Bleu_1": 0.40021583733440036,
      "Bleu_2": 0.2553743221799538,
      "Bleu_3": 0.17720995998880248,
      "Bleu_4": 0.1290057675427729,
      "ROUGE_L": 0.3431230524709637,
      "CIDEr": 0.3266959656817921,
      "B4_Rouge": 0.47212882001373657,
      "unique_outputs": 185,
      "name": "val_reranker"
    },
    "test_top1": {
      "Bleu_1": 0.3741269788675479,
      "Bleu_2": 0.22463650602364751,
      "Bleu_3": 0.1468198134919342,
      "Bleu_4": 0.10077195062733454,
      "ROUGE_L": 0.3004971487785715,
      "CIDEr": 0.20346209025897977,
      "B4_Rouge": 0.40126909940590605,
      "unique_outputs": 293,
      "name": "test_top1"
    },
    "test_oracle_top20": {
      "Bleu_1": 0.5198105977226072,
      "Bleu_2": 0.4093489485828904,
      "Bleu_3": 0.3386621052143231,
      "Bleu_4": 0.2882313563562672,
      "ROUGE_L": 0.4938088185386868,
      "CIDEr": 1.171636710327643,
      "B4_Rouge": 0.7820401748949539,
      "unique_outputs": 279,
      "name": "test_oracle_top20"
    },
    "test_reranker": {
      "Bleu_1": 0.39639737115802753,
      "Bleu_2": 0.24881768171365884,
      "Bleu_3": 0.16777819777635863,
      "Bleu_4": 0.11722035284956996,
      "ROUGE_L": 0.3329741658453858,
      "CIDEr": 0.21840502351319094,
      "B4_Rouge": 0.45019451869495575,
      "unique_outputs": 194,
      "name": "test_reranker"
    }
  },
  "scalar_reranker": {
    "prior_only": {
      "val": {
        "Bleu_1": 0.38509284399697674,
        "Bleu_2": 0.2535819011752231,
        "Bleu_3": 0.17956683562364514,
        "Bleu_4": 0.13327384193778674,
        "ROUGE_L": 0.35464119016626444,
        "CIDEr": 0.35197060631590416,
        "B4_Rouge": 0.4879150321040512,
        "unique_outputs": 148,
        "name": "val_prior_only",
        "candidate_hit": 0.10994764417409897
      },
      "test": {
        "Bleu_1": 0.3890248901552939,
        "Bleu_2": 0.25090120063555454,
        "Bleu_3": 0.17474299056294165,
        "Bleu_4": 0.12710214299419623,
        "ROUGE_L": 0.3444664227834953,
        "CIDEr": 0.26680561193847946,
        "B4_Rouge": 0.4715685657776916,
        "unique_outputs": 144,
        "name": "test_prior_only",
        "candidate_hit": 0.12303665280342102
      }
    },
    "ridge": {
      "val": {
        "Bleu_1": 0.3865574968153727,
        "Bleu_2": 0.25482096948475,
        "Bleu_3": 0.18026536025615708,
        "Bleu_4": 0.133582738567913,
        "ROUGE_L": 0.3545917926547597,
        "CIDEr": 0.3565418614773043,
        "B4_Rouge": 0.48817453122267274,
        "unique_outputs": 156,
        "name": "val_ridge",
        "candidate_hit": 0.10994764417409897
      },
      "test": {
        "Bleu_1": 0.38900097740740236,
        "Bleu_2": 0.25234329451635806,
        "Bleu_3": 0.17681637248337564,
        "Bleu_4": 0.12923658947225714,
        "ROUGE_L": 0.345513985416404,
        "CIDEr": 0.27404443434083486,
        "B4_Rouge": 0.4747505748886611,
        "unique_outputs": 146,
        "name": "test_ridge",
        "candidate_hit": 0.12303665280342102
      }
    },
    "hgb": {
      "val": {
        "Bleu_1": 0.38460764678427034,
        "Bleu_2": 0.2520794393601853,
        "Bleu_3": 0.17752821671133598,
        "Bleu_4": 0.1302914750553412,
        "ROUGE_L": 0.3526344272576188,
        "CIDEr": 0.29648908149095143,
        "B4_Rouge": 0.48292590231295995,
        "unique_outputs": 161,
        "name": "val_hgb",
        "candidate_hit": 0.09947644174098969
      },
      "test": {
        "Bleu_1": 0.3855437429658819,
        "Bleu_2": 0.24800970833201008,
        "Bleu_3": 0.17237138353847056,
        "Bleu_4": 0.12473424285773586,
        "ROUGE_L": 0.34428897627819444,
        "CIDEr": 0.2708796342823907,
        "B4_Rouge": 0.4690232191359303,
        "unique_outputs": 150,
        "name": "test_hgb",
        "candidate_hit": 0.1256544440984726
      }
    },
    "rf": {
      "val": {
        "Bleu_1": 0.3897220411402051,
        "Bleu_2": 0.2571285075430569,
        "Bleu_3": 0.1825063699629362,
        "Bleu_4": 0.13539616614739092,
        "ROUGE_L": 0.354367387980234,
        "CIDEr": 0.3535163070468485,
        "B4_Rouge": 0.4897635541276249,
        "unique_outputs": 166,
        "name": "val_rf",
        "candidate_hit": 0.12041884660720825
      },
      "test": {
        "Bleu_1": 0.3854981162225785,
        "Bleu_2": 0.24374716853269435,
        "Bleu_3": 0.16620976776634228,
        "Bleu_4": 0.11770868921193266,
        "ROUGE_L": 0.336801034785065,
        "CIDEr": 0.24440985092174664,
        "B4_Rouge": 0.4545097239969977,
        "unique_outputs": 164,
        "name": "test_rf",
        "candidate_hit": 0.10209424048662186
      }
    }
  },
  "llm_logp_val": {
    "Bleu_1": 0.3940297644817259,
    "Bleu_2": 0.25038996304450645,
    "Bleu_3": 0.17315898034086988,
    "Bleu_4": 0.1263816782393826,
    "ROUGE_L": 0.33704987706479694,
    "CIDEr": 0.33358171346930104,
    "B4_Rouge": 0.46343155530417957,
    "unique_outputs": 54,
    "name": "val_llm_logp"
  },
  "llm_logp_val_oracle": {
    "Bleu_1": 0.5130928909606655,
    "Bleu_2": 0.4004774532017991,
    "Bleu_3": 0.3293067274351509,
    "Bleu_4": 0.2789403668756127,
    "ROUGE_L": 0.4851687047796454,
    "CIDEr": 1.0763163731715046,
    "B4_Rouge": 0.7641090716552581,
    "unique_outputs": 280,
    "name": "val_oracle_top20"
  }
}