{
  "topk": 20,
  "splits": {
    "train": {
      "num_items": 3062,
      "top1": {
        "Bleu_1": 0.37018079211578675,
        "Bleu_2": 0.2235088384349249,
        "Bleu_3": 0.1453346597901993,
        "Bleu_4": 0.09998535311013243,
        "ROUGE_L": 0.30022827560352733,
        "CIDEr": 0.18861902949765738,
        "B4_Rouge": 0.40021362871365973,
        "unique_outputs": 1182,
        "name": "train_rag_build_top1"
      },
      "oracle": {
        "Bleu_1": 0.5117028537744499,
        "Bleu_2": 0.40091875233458507,
        "Bleu_3": 0.33071115364754006,
        "Bleu_4": 0.28064722763349065,
        "ROUGE_L": 0.48853427897185414,
        "CIDEr": 1.0504347986455802,
        "B4_Rouge": 0.7691815066053448,
        "unique_outputs": 1065,
        "name": "train_rag_build_oracle_top20"
      }
    },
    "val": {
      "num_items": 382,
      "top1": {
        "Bleu_1": 0.36452345616519005,
        "Bleu_2": 0.21806382894190016,
        "Bleu_3": 0.1402731607060612,
        "Bleu_4": 0.09509073527611547,
        "ROUGE_L": 0.30359816540638745,
        "CIDEr": 0.17247064733999873,
        "B4_Rouge": 0.39868890068250296,
        "unique_outputs": 290,
        "name": "val_rag_build_top1"
      },
      "oracle": {
        "Bleu_1": 0.5130928909606655,
        "Bleu_2": 0.4004774532017991,
        "Bleu_3": 0.3293067274351509,
        "Bleu_4": 0.2789403668756127,
        "ROUGE_L": 0.4851687047796454,
        "CIDEr": 1.0763163731715046,
        "B4_Rouge": 0.7641090716552581,
        "unique_outputs": 280,
        "name": "val_rag_build_oracle_top20"
      }
    },
    "test": {
      "num_items": 382,
      "top1": {
        "Bleu_1": 0.3741269788675479,
        "Bleu_2": 0.22463650602364751,
        "Bleu_3": 0.1468198134919342,
        "Bleu_4": 0.10077195062733454,
        "ROUGE_L": 0.3004971487785715,
        "CIDEr": 0.20346209025897977,
        "B4_Rouge": 0.40126909940590605,
        "unique_outputs": 293,
        "name": "test_rag_build_top1"
      },
      "oracle": {
        "Bleu_1": 0.5198105977226072,
        "Bleu_2": 0.4093489485828904,
        "Bleu_3": 0.3386621052143231,
        "Bleu_4": 0.2882313563562672,
        "ROUGE_L": 0.4938088185386868,
        "CIDEr": 1.171636710327643,
        "B4_Rouge": 0.7820401748949539,
        "unique_outputs": 279,
        "name": "test_rag_build_oracle_top20"
      }
    }
  }
}